﻿WaDEDataType,State,OrganizationName,OrganizationWebsite
Aggregated Amount Timeseries,AZ,Arizona Department of Water Resources,http://gisdata-azwater.opendata.arcgis.com/
Aggregated Amount Timeseries,CA,California Department of Water Resources,https://water.ca.gov/
Aggregated Amount Timeseries,CO,Colorado Division of Water Resources,https://dwr.colorado.gov/about-us/contact-us/denver-office
Aggregated Amount Timeseries,DE,Delaware River Basin Commission,https://www.nj.gov/drbc/
Aggregated Amount Timeseries,ND,North Dakota Department of Water Resources,https://www.swc.nd.gov/
Aggregated Amount Timeseries,NE,Nebraska Department of Natural Resources,https://dnr.nebraska.gov/contact
Aggregated Amount Timeseries,NM,New Mexico Office of the State Engineer,https://www.ose.state.nm.us/
Aggregated Amount Timeseries,NV,Nevada Division of Water Resources,http://water.nv.gov/index.aspx
Aggregated Amount Timeseries,TX,Texas Water Development Board,http://www.twdb.texas.gov/waterplanning/waterusesurvey/estimates/index.asp
Aggregated Amount Timeseries,UT,Utah Division of Water Resources,https://water.utah.gov/
Aggregated Amount Timeseries,WY,Wyoming Water Development Office,http://wwdc.state.wy.us
Regulatory Area,AZ,Arizona Department of Water Resources,https://new.azwater.gov/
Regulatory Area,CA,California Department of Water Resources,https://water.ca.gov/
Regulatory Area,CO,Colorado Division of Water Resources,https://dwr.colorado.gov/
Regulatory Area,ID,Idaho Department of Water Resources,https://idwr.idaho.gov/
Regulatory Area,KS,"The Kansas Department of Agriculture, Division of Water Resources.",https://agriculture.ks.gov/home
Regulatory Area,MT,Montana Department of Natural Resources,https://dnrc.mt.gov/
Regulatory Area,ND,North Dakota Department of Water Resources,https://www.swc.nd.gov/
Regulatory Area,NE,Nebraska Association of Resources Districts,https://www.nrdnet.org/
Regulatory Area,NM,New Mexico Office of the State Engineer,https://www.ose.state.nm.us/
Regulatory Area,NV,Nevada Division of Water Resources,http://water.nv.gov/index.aspx
Regulatory Area,OK,Oklahoma Water Resources Board,https://www.owrb.ok.gov/
Regulatory Area,OR,Oregon Water Resources Department,https://www.oregon.gov/OWRD/access_Data/Pages/Data.aspx
Regulatory Area,SD,South Dakota Association of Rural Water Systems,https://www.sdarws.com/
Regulatory Area,TX,Texas Commission on Environmental Quality,https://www.tceq.texas.gov/
Regulatory Area,UT,Utah Department of Natural Resources,https://naturalresources.utah.gov/
Regulatory Area,WA,Washington Department of Ecology,https://ecology.wa.gov/
Regulatory Area,WA,Washington Department of Natural Resources,https://www.dnr.wa.gov/
Site Specific Timeseries,CA,California Department of Water Resources,https://water.ca.gov/
Site Specific Timeseries,CA,California State Water Resources Control Board,https://www.waterboards.ca.gov/waterrights/water_issues/programs/ewrims/
Site Specific Timeseries,CO,Colorado Division of Water Resources,https://dwr.colorado.gov/about-us/contact-us/denver-office
Site Specific Timeseries,ID,Idaho Dept. of Water Rights,https://idwr.idaho.gov/
Site Specific Timeseries,MT,The Montana Department of Natural Resources and Conservation,http://dnrc.mt.gov/
Site Specific Timeseries,ND,North Dakota Department of Water Resource,https://www.swc.nd.gov/
Site Specific Timeseries,NE,Nebraska Department of Natural Resources,https://dnr.nebraska.gov/contact
Site Specific Timeseries,NJ,New Jersey Division of Water Supply and Geoscience,https://www.nj.gov/dep/watersupply/
Site Specific Timeseries,NM,New Mexico Office of the State Engineer,https://www.ose.state.nm.us/
Site Specific Timeseries,NV,Nevada Division of Water Resources,http://water.nv.gov/index.aspx
Site Specific Timeseries,OR,Oregon Water Resources Department,https://www.oregon.gov/owrd/Pages/index.aspx
Site Specific Timeseries,TX,Texas Commission on Environmental Quality,https://www.tceq.texas.gov/
Site Specific Timeseries,TX,Texas Water Development Board,https://www.twdb.texas.gov/index.asp
Site Specific Timeseries,UT,Utah Division of Water Rights,https://water.utah.gov/
Site Specific Timeseries,UT,Utah Division of Water Rights,https://waterrights.utah.gov/
Site Specific Timeseries,WY,Wyoming Water Development Office,https://wwdc.state.wy.us/
Water Allocation Record,AK,Alaska Division of Water Recources,https://dnr.alaska.gov/mlw/water/
Water Allocation Record,AZ,Arizona Department of Water Resources,http://gisdata-azwater.opendata.arcgis.com/
Water Allocation Record,CA,California Natural Resources Agency,https://data.cnra.ca.gov/
Water Allocation Record,CA,California State Water Resources Control Board,https://www.waterboards.ca.gov/
Water Allocation Record,CO,Colorado Division of Water Resources,https://dwr.colorado.gov/about-us/contact-us/denver-office
Water Allocation Record,ID,Idaho Dept. of Water Rights,https://idwr.idaho.gov/
Water Allocation Record,KS,"The Kansas Department of Agriculture, Division of Water Resources",https://agriculture.ks.gov/home
Water Allocation Record,MT,The Montana Department of Natural Resources and Conservation,http://dnrc.mt.gov/
Water Allocation Record,ND,North Dakota State Water Commission,https://swc.nd.gov/theswc/water_appropriations.html
Water Allocation Record,NE,Nebraska Department of Natural Resources,https://dnr.nebraska.gov/contact
Water Allocation Record,NM,New Mexico Office of the State Engineer,https://www.ose.state.nm.us/
Water Allocation Record,NV,Nevada Division of Water Resources,http://water.nv.gov/index.aspx
Water Allocation Record,OK,Oklahoma Water Resources Board,https://www.owrb.ok.gov/
Water Allocation Record,OR,Oregon Water Resources Department,https://www.oregon.gov/OWRD/access_Data/Pages/Data.aspx
Water Allocation Record,SD,South Dakota Department of Environment and Natural Resources,https://denr.sd.gov/
Water Allocation Record,TX,https://github.com/WSWCWaterDataExchange/MappingStatesDataToWaDE2.0/tree/master/Texas/WaterAllocation_TWDB,Water Planning
Water Allocation Record,TX,Texas Commission on Environmental Quality,https://www.tceq.texas.gov/
Water Allocation Record,UT,Utah Division of Water Rights,https://water.utah.gov/
Water Allocation Record,WA,Washington State Department of Ecology,https://ecology.wa.gov/Water-Shorelines/Water-supply/Water-rights
Water Allocation Record,WY,Wyoming State Geological Survey,https://www.wsgs.wyo.gov/
Water Allocation Record,WY,Wyoming Water Development Office,https://wwdc.state.wy.us/
